name,symbol
Bitcoin,BTC
Litecoin,LTC
Namecoin,NMC
Terracoin,TRC
Peercoin,PPC
Novacoin,NVC
Feathercoin,FTC
Mincoin,MNC
MainCoin,MNC
Freicoin,FRC
Ixcoin,IXC
Bitball,BTB
Bitbar,BTB
Wisdom Chain,WDC
WorldCoin,WDC
Digitalcoin,DGC
Goldcoin,GLC
Argentum,ARG
Fastcoin,FST
Phoenixcoin,PXC
Megacoin,MEC
Infinitecoin,IFC
Primecoin,XPM
Anoncoin,ANC
Casinocoin,CSC
Bullion,CBX
Emerald Crypto,EMD
XRP,XRP
Quark,QRK
Zetacoin,ZET
Sexcoin,SXC
Tagcoin,TAG
I0Coin,I0C
NXT,NXT
Unobtanium,UNO
Joulecoin,XJO
Datacoin,DTC
DAOBet,BET
Global Digital Content,GDC
Deutsche eMark,DEM
Dogecoin,DOGE
Netcoin,NET
Diamond,DMD
Hobonickels,HBN
Orbitcoin,ORB
Omni,OMNI
Fedoracoin,TIPS
RonPaulCoin,RPC
Racing Pigeon Chain,RPC
Mooncoin,MOON
Dimecoin,DIME
42-coin,42
Vertcoin,VTC
DigiByte,DGB
Smartcoin,SMC
NobleCoin,NOBL
Reddcoin,RDD
Nyancoin,NYAN
Potcoin,POT
Maxcoin,MAX
Dash,DASH
Counterparty,XCP
Cachecoin,CACH
Mintcoin,MINT
DopeCoin,DOPE
Auroracoin,AUR
Animecoin,ANI
Marscoin,MARS
Pandacoin,PND
Maza,MZC
Uniform Fiscal Object,UFO
BlackCoin,BLK
Litbinex Coin,LTB
LiteBar,LTB
Photon,PHO
Zeitcoin,ZEIT
Myriad,XMY
DNotes,NOTE
Einsteinium,EMC2
Bitcoin Scrypt,BTCS
ECC,ECC
MonaCoin,MONA
Rubycoin,RBY
Belacoin,BELA
Flit Token,FLT
Fluttercoin,FLT
888tron,888
Octocoin,888
Faircoin,FAIR
Electronic Gulden,EFL
Gulden,NLG
PlatinCoin,PLC
Groestlcoin,GRS
PetroDollar,XPD
Whitecoin,XWC
POP Network Token,POP
PopularCoin,POP
Bitcoinus,BITS
Bitstar,BITS
Quebecoin,QBC
Bluecoin,BLU
MaidSafeCoin,MAID
Bitcoin Plus,XBC
NewYorkCoin,NYC
Guncoin,GUN
Pinkcoin,PINK
DoDreamChain,DRM
Dreamcoin,DRM
CoffeeCoin,COF
Energycoin,ENRG
VeriCoin,VRC
TEKcoin,TEK
Monero,XMR
Litecoin Plus,LCP
Curecoin,CURE
CryptCoin,CRYPT
SuperCoin,SUPER
Motocoin,MOTO
Cloakcoin,CLOAK
BitSend,BSD
Bytecoin,BCN
ArtByte,ABY
NavCoin,NAV
GreenPower,GRN
Startcoin,START
DigitalNote,XDN
BoolBerry,BBR
Safe Haven,SHA
Hempcoin,THC
Stealth,XST
Harmony Block Capital,TRUST
Clams,CLAM
BitShares,BTS
Truckcoin,TRK
Viacoin,VIA
I/O Coin,IOC
Carboncoin,CARBON
CannabisCoin,CANN
Stellar,XLM
Titcoin,TIT
HyperStake,HYP
Joincoin,J
Syscoin,SYS
Bitmark,MARKS
Halcyon,HAL
EmerCoin,EMC
GameCredits,GAME
Ubiq,UBQ
Bunnycoin,BUN
Opal,OPAL
Acoin,ACOIN
bitCNY,BITCNY
NuBits,USNBT
Magi,XMG
ExclusiveCoin,EXCL
Trollcoin,TROLL
GlobalBoost-Y,BSTY
DigitalPrice,DP
Prime-XI,PXI
SwiftCash,SWIFT
Bitswift,BITS
AurumCoin,AU
Sativacoin,STV
Verge,XVG
NuShares,NSR
MonetaryUnit,MUE
Blocknet,BLOCK
Gapcoin,GAP
Crown,CRW
BitBay,BAY
GCN Coin,GCN
Quotient,XQN
Bitcoin Fast,BCF
OKCash,OK
Unitus,UIS
GoldPieces,GP
Circuits of Value,COVAL
Nexus,NXS
IncaKoin,NKA
Smileycoin,SMLY
Machinecoin,MAC
Kobocoin,KOBO
Bean Cash,BITB
Geocoin,GEO
Tether,USDT
Wild Beast Block,WBB
Gridcoin,GRC
X-Coin,XCO
LiteDoge,LDOGE
SongCoin,SONG
Woodcoin,LOG
Crave,CRAVE
NEM,XEM
Neutron,NTRN
Xaurum,XAUR
Californium,CF
Advanced Integrated Blocks,AIB
Sphere,SPHR
Medic Coin,MEDIC
Universal Currency,UNIT
ParkByte,PKB
Gambit,GAM
Bata,BTA
AudioCoin,ADC
Android chain,ADC
Synergy,SNRG
Fujicoin,FJC
EuropeCoin,ERC
Ratecoin,XRA
Crevacoin,CREVA
BitZeny,ZNY
BowsCoin,BSC
Benscoin,BSC
Chaincoin,CHC
Sprouts,SPRTS
Capricoin,CPS
Manna,MANNA
Aeon,AEON
Ethereum,ETH
SJWCoin,SJW
Transfercoin,TX
AmsterdamCoin,AMS
IDNI Agoras,AGRS
Siacoin,SC
Bolivarcoin,BOLI
Spacecoin,SPACE
Pakcoin,PAK
Influxcoin,INFX
Expanse,EXP
SIBCoin,SIB
Swing,SWING
Factom,FCT
DUO Network,DUO
ParallelCoin,DUO
Augur,REP
StrongHands,SHND
PAC Global,PAC
Elite,1337
Clubcoin,CLUB
Adzcoin,ADZ
EcoG9coin,EGC
Validity,VAL
Yocoin,YOC
SaluS,SLS
Evil Coin,EVIL
Decred,DCR
PIVX,PIVX
Trumpcoin,TRUMP
Memetic,MEME
HOdlcoin,HODL
NevaCoin,NEVA
Mojocoin,MOJO
Lisk,LSK
EDRCoin,EDRC
PostCoin,POST
IPSE,POST
BERNcash,BERN
DigixDAO,DGD
Steem,STEEM
Espers,ESP
FuzzBalls,FUZZ
HiCoin,XHI
AquariusCoin,ARCO
SixEleven,611
2GIVE,2GIVE
ABC Chain,ABC
LanaCoin,LANA
MarteXcoin,MXT
NulleX,NLX
Citadel,CTL
Waves,WAVES
PWR Coin,PWR
ION,ION
GoldBlocks,GB
Debitcoin,DBTC
Rise,RISE
ChessCoin,CHESS
LBRY Credits,LBC
PutinCoin,PUT
Syndicate,SYNX
Steem Dollars,SBD
Ardor,ARDR
Ethereum Classic,ETC
First Bitcoin,BIT
Elementrem,ELE
Karbo,KRB
VapersCoin,VPRC
Stratis,STRAX
TajCoin,TAJ
XP,XP
NEO,NEO
Bitcloud,BTDX
NoLimitCoin,NLC2
Pluton,PLU
MustangCoin,MST
Proud Money,PROUD
Sequence,SEQ
PepeCash,PEPECASH
SingularDTV,SNGLS
Firo,FIRO
Cosmos,ATOM
Jobscoin,JOBS
Dream21,DMC
Zcash,ZEC
AllSafe,ASAFE
Minter,BIP
Zclassic,ZCL
Lykke,LKK
Golem,GLM
Bitcurrency,BC
Internet of People,IOP
Veros,VRS
Hush,HUSH
Kurrent,KURT
Pascal,PASC
Eternity,ENT
Incent,INCNT
Decent,DCT
vSlice,VSL
Dollar INTERNATIONAL,DOLLAR
Obyte,GBYTE
Terra,LUNA
Wings,WINGS
InflationCoin,IFLT
Alias,ALIAS
Bitconnect,BCC
iBank,IBANK
Maker,MKR
Komodo,KMD
Waves Community Token,WCT
Global Cryptocurrency,GCC
BOAT,BOAT
Centurion,CNT
MARKYT,MAR
Melon,MLN
Partner,PRC
chrono.tech,TIME
Swarm City,SWT
MarxCoin,MARX
Visio,VISIO
Nano,NANO
Zero,ZER
Netko,NETKO
Ark,ARK
Dynamic,DYN
Tokes,TKS
Mercury,MER
Edgeless,EDG
Solaris,XLR
Asch,XAS
Guppy,GUP
Ultimate Secure Cash,USC
Skycoin,SKY
Atmos,ATMOS
Happycoin,HPC
XTRABYTES,XBY
iExec RLC,RLC
WeTrust,TRST
AltEstate Token,ALT
WavesGo,WGO
Speedcash,SCS
Bitcore,BTX
Lunyr,LUN
Gnosis,GNO
Monolith,TKN
Condensate,RAIN
Humaniq,HMQ
iTicoin,ITI
Minereum,MNE
CREA,CREA
Etheroll,DICE
BetDice,DICE
INSaNe,INSN
Aragon,ANT
Prizm,PZM
Qtum,QTUM
Ormeus Ecosystem,ECO
EquiTrader,EQT
Digital Money Bits,DMB
Project-X,NANOX
Theresa May Coin,MAY
Sumokoin,SUMO
Basic Attention Token,BAT
Horizen,ZEN
Aeternity,AE
Version,V
Metaverse ETP,ETP
eBoost,EBST
Aidos Kuneen,ADK
Patientory,PTOY
Electra,ECA
Quantum Resistant Ledger,QRL
MobileGo,MGO
IOTA,MIOTA
Mysterium,MYST
SONM,SNM
Adelphoi,ADL
ZrCoin,ZRC
Bancor Network Token,BNT
GlobalToken,GLT
Numeraire,NMR
Unify,UNIFY
Hellenic Coin,HNC
Dinastycoin,DCY
Onix,ONX
GXChain,GXC
Bitradio,BRO
Flash,FLASH
FunFair,FUN
TenX,PAY
Status,SNT
ChanCoin,CHAN
Ergo,ERG
EOS,EOS
AdEx,ADX
Denarius,D
Storj,STORJ
adToken,ADT
MCO,MCO
CryptoPing,PING
Wagerr,WGR
Ecobit,ECOB
Polybius,PLBT
Gas,GAS
SunContract,SNC
Jetcoin,JET
Metal,MTL
Populous,PPT
WomenCoin,WOMEN
Rupee,RUP
Peepcoin,PCN
Santiment Network Token,SAN
OMG Network,OMG
CVCoin,CVN
Civic,CVC
Coalculus,COAL
LiteBitcoin,LBTC
Particl,PART
SmartCash,SMART
SkinCoin,SKIN
Bitcoin Cash,BCH
HarmonyCoin,HMC
ToaCoin,TOA
Pillar,PLR
OracleChain,OCT
Binance Coin,BNB
iXledger,IXT
GeyserCoin,GSR
Mothership,MSP
Ascension,ASN
Creamcoin,CRM
OAX,OAX
district0x,DNT
Blockstack,STX
Stox,STX
Blox,CDT
WINk,WIN
Bytom,BTM
Mao Zedong,MAO
Blocktix,TIX
Dentacoin,DCN
Rupaya,RUPX
Shadow Token,SHDW
DeepOnion,ONION
Adshares,ADS
Dent,DENT
The ChampCoin,TCC
0x,ZRX
Blacknet,BLN
YOYOW,YOYOW
GrowersCoin,GRWI
MyBit Token,MYB
TrueFlip,TFL
Nebulas,NAS
Dalecoin,DALC
BiblePay,BBP
Achain,ACT
Tierion,TNT
Waltonchain,WTC
BROTHER,BRAT
Primas,PST
Opus,OPT
Suretly,SUR
Loopring,LRC
LiteCoin Ultra,LTCU
Po.et,POE
Magic Cube Coin,MCC
Monetha,MTH
Aventus,AVT
Agrello,DLT
Hive,HIVE
Vsync,VSX
Moeda Loyalty Points,MDA
Neblio,NEBL
VIVO,VIVO
TRON,TRX
Imbrex,REX
BuzzCoin,BUZZ
Decentraland,MANA
Indorse,IND
Sociall,SCL
ATBCoin,ATB
Propy,PRO
Chainlink,LINK
Blackmoon Crypto,BMC
Kyber Network,KNC
VIBE,VIBE
Substratum,SUB
Chronologic,DAY
Rivetz,RVT
Kin,KIN
SALT,SALT
Ormeus Coin,ORME
ColossusXT,COLX
TrezarCoin,TZC
Cobinhood,COB
Bismuth,BIS
Cardano,ADA
Tezos,XTZ
VOISE,VOISE
Infinity Economics,XIN
Efficient Transaction Token,ETT
Viberate,VIB
RChain,REV
Internxt,INXT
Cryptonex,CNX
Wild Crypto,WILD
Real Estate Asset Ledger,REAL
Hubii Network,HBT
Clap Clap Token,CCT
Crystal Clear,CCT
Everex,EVX
PayPie,PPP
POS Coin,POS
ALIS,ALIS
BitcoinZ,BTCZ
HelloGold,HGT
Cindicator,CND
Enigma,ENG
Bastonet,BSN
Zeusshield,ZSC
Ethereum Cash,ECASH
ExchangeN,EXN
PiplCoin,PIPL
AirSwap,AST
Change,CAG
Blockmason Credit Protocol,BCPT
Aion,AION
Maecenas,ART
XGOX,XGOX
Everus,EVR
DomRaider,DRT
Request,REQ
Ethereum Gold,ETG
Blue Protocol,BLUE
Modum,MOD
Ambrosus,AMB
Bitcoin Gold,BTG
KuCoin Shares,KCS
EXRNchain,EXRN
ClearPoll,POLL
LATOKEN,LA
Exchange Union,XUC
Nuls,NULS
Bitcoin Red,BTCRED
BOScoin,BOS
Ripio Credit Network,RCN
ICON,ICX
JavaScript Token,JS
Ethereum Lite,ELITE
iETH,IETH
iEthereum,IETH
Pirl,PIRL
LUXCoin,LUX
Dovu,DOV
Phoenix Global,PHX
BTCMoon,BTCM
Etherparty,FUEL
Ellaism,ELLA
Russian Miner Coin,RMC
FlypMe,FYP
eBitcoin,EBTC
Enjin Coin,ENJ
iBTC,IBTC
Power Ledger,POWR
Grid+,GRID
Revain,REV
Atlant,ATL
Electroneum,ETN
Streamr DATAcoin,DATA
SHIELD,XSH
Eltcoin,ELTCOIN
Desire,DSR
Unikoin Gold,UKG
Autonio,NIOX
Aeron,ARNX
Phore,PHR
Innova,INN
Raiden Network Token,RDN
Delphy,DPY
ERC20,ERC20
Ties.DB,TIE
Grimcoin,GRIM
DecentBet,DBET
Upfiring,UFR
bitJob,STU
Genesis Vision,GVT
EA Coin,EAG
Privatix,PRIX
Lethean,LTHN
Astro,ASTRO
Paypex,PAYX
ALQO,XLQ
GoByte,GBX
Phantomx,PNX
EncrypGen,DNA
Ink,INK
Quantstamp,QSP
QASH,QASH
Tesla Token,TSL
Pebbles,PBL
SpankChain,SPANK
Bitcoin Diamond,BCD
BLOCKv,VEE
Divi,DIVI
Monkey Project,MONK
Flixxo,FLIXX
Time New Bank,TNB
MyWish,WISH
Eco Value Coin,EVC
EventChain,EVC
Aave [OLD],LEND
Ccore,CCO
Qbao,QBT
Dragonchain,DRGN
Payfair,PFR
Presearch,PRE
CyberMiles,CMT
BlockCDN,BCDN
Cappasity,CAPP
IoT Chain,ITC
Social Send,SEND
Bonpay,BON
Nekonium,NUKO
Snovian.Space,SNOV
DarkSaga,SAGA
Tokok,TOK
COMSA,CMS
Wabi,WABI
WandX,WAND
Verify,CRED
Uquid Coin,UQC
MediShares,MDS
Ignis,IGNIS
SmartMesh,SMT
PlayKey,PKT
Filecoin,FIL
BitcoinX,BCX
sBTC,SBTC
Datum,DAT
MicroMoney,AMM
LockTrip,LOC
Worldcore,WRC
Gifto,GTO
YENTEN,YTN
Genaro Network,GNX
United Bitcoin,UBTC
Starbase,STAR
OST,OST
StormX,STMX
elf,ELF
WAX,WAXP
Medibloc,MED
NAGA,NGC
Bread,BRD
Bibox Token,BIX
Dai,DAI
SophiaTX,SPHTX
Bounty0x,BNTY
Ace Entertainment,ACE
Sirin Labs Token,SRN
Cryptopay,CPAY
HTMLCOIN,HTML
DeepBrain Chain,DBC
Neumark,NEU
UTRUST,UTK
QLC Chain,QLC
HEROcoin,PLAY
MATRYX,MTX
Hyper Pay,HPY
Pylon Network,PYLNT
STRAKS,STAK
BitClave,CAT
Lightning Bitcoin,LBTC
Game,GTC
Lamden,TAU
Bloom,BLT
SWFT Blockchain,SWFTC
Covesting,COV
CanYaCoin,CAN
AppCoins,APPC
High Performance Blockchain,HPB
WaykiChain,WICC
Measurable Data Token,MDT
Mixin,XIN
Coinlancer,CL
GET Protocol,GET
OP Coin,OPC
AI Doctor,AIDOC
Polis,POLIS
Zap,ZAP
TokenClub,TCT
FairGame,FAIR
Bitcoin God,GOD
United Traders Token,UTT
BitDegree,BDG
QunQun,QUN
TopChain,TOPC
Leverj,LEV
Kcash,KCASH
ATN,ATN
Spectre.ai Dividend Token,SXDT
Spectre.ai Utility Token,SXUT
Bitcoin Atom,BCA
ugChain,UGC
BANKEX,BKX
EchoLink,EKO
Bottos,BTO
AWARE,AT
ABCC Token,AT
Telcoin,TEL
Ignition,IC
WETH,WETH
Hackspace Capital,HAC
SelfKey,KEY
INT,INT
OneRoot Network,RNT
Sense,SENSE
MOAC,MOAC
Tokyo Coin,TOKC
IOST,IOST
InvestDigital,IDT
AICHAIN,AIT
SpaceChain,SPC
Galactrum,ORE
Ethorse,HORSE
ArbitrageCT,ARCT
Theta Network,THETA
Profile Utility Token,PUT
InsurePal,IPL
SingularityNET,AGI
Gatcoin,GAT
Scry.info,DDD
Mobius,MOBI
Hydro Protocol,HOT
StarChain,STC
IPChain,IPC
RefToken,REF
Yee,YEE
Acute Angle Cloud,AAC
Molecular Future,MOF
Trinity Network Credit,TNC
CRYPTO20,C20
Block Array,ARY
DATA,DTA
Crypterium,CRPT
SparksPay,SPK
carVertical,CV
Tokenbox,TBX
EDUCare,EKT
UnlimitedIP,UIP
PressOne,PRS
TrueChain,TRUE
Odyssey,OCN
indaHash,IDH
PeerGuess,GUESS
AidCoin,AID
Devery,EVE
BUX Token,BUX
aXpire,AXPR
OriginTrail,TRAC
Linkeye,LET
Zilliqa,ZIL
CoinMeet,MEET
Smartlands Network,SLT
Fortuna,FOTA
All Sports,SOC
Matrix AI Network,MAN
Garlicoin,GRLC
Ruff,RUFF
Nework,NKC
CoinFi,COFI
Equal,EQL
HalalChain,HLC
Zeepin,ZPT
CPChain,CPC
Speed Mining Service,SMS
Electronic PK Chain,EPC
ValueChain,VLC
BitWhite,BTW
CargoX,CXO
Elastos,ELA
STK,STK
PARETO Rewards,PARETO
Polymath Network,POLY
Medicalchain,MTN
SwissBorg,CHSB
Zilla,ZLA
adbank,ADB
Huobi Token,HT
DMarket,DMT
Iungo,ING
Bluzelle,BLZ
Swarm Fund,SWM
THEKEY,TKY
EtherSportz,ESZ
WePower,WPR
U.CASH,UCASH
Goldmint,MNTP
MktCoin,MLM
BioCrypt,BIO
TIG Token,TIG
Universa,UTNP
Alphacat,ACAT
Envion,EVN
SureRemit,RMT
Dether,DTH
Cashaa,CAS
FUSION,FSN
Restart Energy,MWAT
Neurotoken,NTK
Gems,GEM
Deversifi Nectar Token,NEC
REN,REN
Litecoin Cash,LCC
Storiqa,STQ
Tidex Token,TDX
Nucleus Vision,NCASH
Arcblock,ABT
Remme,REM
Experty,EXY
POA Network,POA
Ink Protocol,XNK
Rocket Fund,RKT
Bezop,BEZ
IHT Real Estate Protocol,IHT
Refereum,RFR
Lympo,LYM
sETH,SETH
Sether,SETH
CREDITS,CS
INSTAR,INSTAR
Cube,AUTO
BitTube,TUBE
Education Ecosystem,LEDU
TrueUSD,TUSD
HOQU,HQX
Ontology,ONT
DATx,DATX
CoinPoker,CHP
TomoChain,TOMO
Graft Blockchain,GRFT
BABB,BAX
Electrify.Asia,ELEC
Bitcoin Private,BTCP
Tokenomy,TEN
Ravencoin,RVN
TE-FOOD,TONE
ShipChain,SHIP
Debitum Network,DEB
Centrality,CENNZ
Loom Network,LOOM
Banca,BANCA
Dragon Coin,DRG
LatiumX,LATX
NANJCOIN,NANJ
UpToken,UP
Noah Platinum,NOAHP
LGO Token,LGO
1World,1WO
Napoleon X,NPX
Pundi X,NPXS
BitGreen,BITG
BnkToTheFuture,BFT
Wanchain,WAN
AMLT Network,AMLT
Mithril,MITH
Lendroid Support Token,LST
Peculium,PCL
Signal Token,SIG
BitRent,RNTB
BlitzPredict,XBP
Blocklancer,LNC
Stipend,SPD
StockChain,SCC
Stem Cell Coin,SCC
Switcheo,SWTH
Sentinel Chain,SENC
Vice Industry Token,VIT
Friendz,FDZ
TokenPay,TPAY
Rentberry,BERRY
PolySwarm,NCT
ODEM,ODE
Stakenet,XSN
XinFin,XDC
TokenDesk,TDS
Cortex,CTXC
Atlantic Coin,ATC
concertVR,CVT
Sentinel,SENT
eosDAC,EOSDAC
U Network,UUU
Bitsum,BSM
Deviant Coin,DEV
Auctus,AUC
Budbo,BUBO
Monero-Classic,XMC
Aditus,ADI
Tripio,TRIO
Haven,XHV
CRYCASH,CRC
Dero,DERO
FintruX,FTX
Earth Token,EARTH
Pixie Coin,PXC
WeOwn,CHX
Masari,MSR
Dock,DOCK
Linker Coin,LNC
Decentralized Machine Learning Protocol,DML
Holo,HOT
Zebi,ZCO
Lendingblock,LND
Proxeus,XES
VIPSTARCOIN,VIPS
Rublix,RBLX
Biotron,BTRN
Penta Network Token,PNT
NEXO,NEXO
DAEX,DAX
Hydro,HYDRO
Sharder protocol,SS
Tapcoin,TTT
Bitcoin Interest,BCI
Transcodium,TNS
Amon,AMN
Gameflip,FLP
Crowd Machine,CMCT
Morpheus Labs,MITX
Doc.com,MTC
MyToken,MT
Key,KEY
ConnectJob,CJT
BoutsPro,BOUTS
Carry,CRE
Cybereits,CRE
Gene Source Code Token,GENE
Parkgene,GENE
APR Coin,APR
FuzeX,FXT
Zippie,ZIPT
Skrumble Network,SKM
DAOstack,GEN
Bezant,BZNT
Lif,LIF
TEAM,TEAM
Aston,ATX
Educoin,EDU
Content Neutrality Network,CNN
Global Social Chain,GSC
Digix Gold,DGX
Intelligent Investment Chain,IIC
Sakura Bloom,SKB
BlockMesh,BMH
Loki Network,LOKI
Datarius Credit,DTRC
Callisto Network,CLO
Unibright,UBT
Patron,PAT
LibraToken,LBA
Open Platform,OPEN
Morpheus Network,MRPH
Silent Notary,SNTR
XYO Network,XYO
Cryptaur,CPT
Red,RED
Digitex Token,DGTX
Faceter,FACE
Travala.com,AVA
IoTeX,IOTX
Level-Up Coin,LUC
NKN,NKN
Zipper Network,ZIP
Phantasma,SOUL
CryptoSoul,SOUL
SPINDLE,SPD
Repo Coin,REPO
Seele,SEELE
Endor Protocol Token,EDR
Bigbom,BBO
0xBitcoin,0XBTC
PCHAIN,PI
QuarkChain,QKC
Bankera,BNK
Ether Zero,ETZ
Project SHIVOM,OMX
FuturoCoin,FTO
Abyss,ABYSS
Hurify,HUR
Traxia,TMT
The Mart Token,TMT
Engine,EGCC
Casino Betting Coin,CBC
CEEK Smart VR Token,CEEK
Couchain,COU
XMax,XMX
GoChain,GO
Smartshare,SSP
Trittium,TRTT
Sentinel Protocol,UPP
Bittwatt,BWT
Constellation,DAG
Merculet,MVP
Fantasy Gold,FGC
Ubique Chain of Things (UCOT),UCT
Metronome,MET
Aurora,AOA
Ternio,TERN
DigiFinexToken,DFT
Origin Sport,ORS
Rate3,RTE
0chain,ZCN
ZINC,ZINC
FSBT API,FSBT
Egretia,EGT
Bob's Repair,BOB
KanadeCoin,KNDC
Cardstack,CARD
OTCBTC Token,OTB
Coinbene Token,CONI
Mainframe,MFT
GoNetwork,GOT
Thrive,THRT
Project Pai,PAI
FansTime,FTI
Popchain,PCH
Seer,SEER
Essentia,ESS
HashCoin,HSC
LikeCoin,LIKE
ORS Group,ORS
TENT,TENT
DaTa eXchange Token,DTX
BeeKan / Beenews,BKBT
MomoCash,MOC
Mossland,MOC
Nimiq,NIM
Bit-Z Token,BZ
DWS,DWS
0xcert,ZXC
OneLedger,OLT
Truegame,TGAME
Everipedia,IQ
BitMart Token,BMX
BitKan,KAN
CDMCOIN,CDM
ManateeCoin,MTC
Vite,VITE
Hashgard,GARD
Sp8de,SPX
Rocket Pool,RPL
Elysian,ELY
ContentBox,BOX
BOX Token,BOX
Proton Token,PTT
SoPay,SOP
KRYLL,KRL
LemoChain,LEMO
Blue Whale,BWX
Cosmo Coin,COSM
Olive,OLE
TurtleCoin,TRTL
Tourist Token,TOTO
Relex,RLX
ValueCyberToken,VCT
VikkyToken,VIKKY
Fox Trading Token,FOXT
Bridge Protocol,BRDG
Globalvillage Ecosystem,GVE
LocalCoinSwap,LCS
ZPER,ZPR
LightPayCoin,LPC
Ryo Currency,RYO
BitMoney,BIT
BitRewards,XBRT
Aced,ACED
Linfinity,LFC
Consentium,CSM
MVL,MVL
Newton Coin Project,NCP
ARbit Coin,ARB
DACC,DACC
ThingsOperatingSystem,TOS
Pigeoncoin,PGN
STASIS EURO,EURS
EXMR FDN,EXMR
NIX,NIX
Apollo,APL
HorusPay,HORUS
Bitcoin File,BIFI
Vexanium,VEX
Hyundai DAC,HDAC
New Power Coin,NPW
Master Contract Token,MCT
Volt,ACDC
Niobio Cash,NBR
Vivid Coin,VIVID
BITIFEX,BITX
VeThor Token,VTHO
PRiVCY,PRIV
BrickBlock,BBK
NeuroChain,NCC
Coin,COIN
Kalkulus,KLKS
International CryptoX,INCX
ZMINE,ZMN
Semux,SEM
Arionum,ARO
Carlive Chain,IOV
Webcoin,WEB
Zel,ZEL
Latino Token,LATINO
Over Powered Coin,OPCX
Bitcoin Token,BTCT
BitBlocks,BBK
YOU Chain,YOU
Dacsee,DACS
Tchain,TCH
Yuan Chain Coin,YCC
Vitae,VITAE
Epluscoin,EPLUS
BitCapitalVendor,BCV
XTRD,XTRD
BitcoiNote,BTCN
LITEX,LXT
EUNO,EUNO
ExChain Token,EXT
Bitcoin Instant,BTI
Endorsit,EDS
VeChain,VET
Kind Ads Token,KIND
X8X Token,X8X
Commercium,CMM
Omnitude,ECOM
VINchain,VIN
LINA,LINA
BitTorrent,BTT
Ino Coin,INO
Knekted,KNT
CROAT,CROAT
BitCoin One,BTCONE
AVINOC,AVINOC
Wiki Token,WIKI
Sapien,SPN
Nuggets,NUG
BBSCoin,BBS
Scorum,SCR
Niobium Coin,NBC
Pundi X NEM,NPXSXEM
XOVBank,XOV
Lynx,LYNX
Optitoken,OPTI
Giant,GIC
PKG Token,PKG
NewsToken,NEWOS
Pangea Arbitration Token (Bitnation),XPAT
InterCrone,ICR
Insight Chain,INB
SLT,SLT
Graviocoin,GIO
OWNDATA,OWN
IGToken,IG
Help The Homeless Coin,HTH
GSENetwork,GSE
XDNA,XDNA
ProximaX,XPX
SiaCashCoin,SCC
Nyerium,NYEX
Thingschain,TIC
EtherGem,EGEM
Arepacoin,AREPA
MEET.ONE,MEETONE
Noku,NOKU
DxChain Token,DX
Ubex,UBEX
Blockpass,PASS
BaaSid,BAAS
Thorecoin,THR
CyberFM,CYFM
Hycon,HYC
MetaMorph,METM
Netkoin,NTK
C2C System,C2C
Akroma,AKA
Obitan Chain,OBTC
Davinci Coin,DAC
Quant,QNT
Airbloc,ABL
ZCore,ZCR
Apollon Network,XAP
Savedroid,SVD
YOLOCash,YLC
PumaPay,PMA
Arion,ARION
Bitcoin Incognito,XBI
HeartBout,HB
FinTab,FNTB
Maro,MARO
TheTimesChainCoin,TTC
Arbidex,ABX
ShowHand,HAND
HitChain,HIT
Gold Poker,GPKR
TWIST,TWIST
Zen Protocol,ZP
Mainstream For The Underground,MFTU
CatoCoin,CATO
DPRating,RATING
Creditcoin,CTC
KingXChain,KXC
Nasdacoin,NSD
Lobstex,LOBS
VeriDocGlobal,VDG
Legends Room,MORE
YUKI COIN,YUKI
4New,KWATT
MIB Coin,MIB
Gentarium,GTM
DeltaChain,DELTA
Ontology Gas,ONG
Energi,NRG
FUTURAX,FTXT
DAV Network,DAV
Dowcoin,DOW
Traceability Chain,TAC
Blockchain Quotations Index Token,BQT
Staker Token,STR
Ulord,UT
Xriba,XRA
FortKnoxster,FKX
Beetle Coin,BEET
MoneyToken,IMT
Fire Lotto,FLOT
AiLink Token,ALI
Usechain,USE
ParkinGo,GOT
ShineChain,SHE
eosBLACK,BLACK
Mirai,MRI
CyberMusic,CYMT
GazeCoin,GZE
BitUP Token,BUT
YouLive Coin,UC
AMO Coin,AMO
EvenCoin,EVN
Dinero,DIN
Direct Insurance Token,DIT
Havy,HAVY
Carebit,CARE
Ether Kingdoms Token,IMP
Carboneum,C8
SaveNode,SNO
PENG,PENG
Rotharium,RTH
Bitcoin SV,BSV
SafeCoin,SAFE
0.5X Long Algorand Token,ALGOHALF
0.5X Long Altcoin Index Token,ALTHALF
0.5X Long Balancer Token,BALHALF
0.5X Long Bitcoin Cash Token,BCHHALF
0.5X Long Bitcoin SV Token,BSVHALF
0.5X Long Bitcoin Token,HALF
0.5X Long Cardano Token,ADAHALF
0.5X Long Chainlink Token,LINKHALF
0.5X Long Cosmos Token,ATOMHALF
0.5X Long DeFi Index Token,DEFIHALF
0.5X Long Dogecoin Token,DOGEHALF
0.5X Long Dragon Index Token,DRGNHALF
0.5X Long Exchange Token Index Token,EXCHHALF
0.5X Long EOS Token,EOSHALF
0.5X Long Ethereum Classic Token,ETCHALF
0.5X Long Ethereum Token,ETHHALF
0.5X Long Kyber Network Token,KNCHALF
0.5X Long Matic Token,MATICHALF
0.5X Long Midcap Index Token,MIDHALF
0.5X Long OKB Token,OKBHALF
0.5X Long PAX Gold Token,PAXGHALF
0.5X Long Privacy Index Token,PRIVHALF
0.5X Long Shitcoin Index Token,HALFSHIT
0.5X Long Swipe Token,SXPHALF
0.5X Long Tether Gold Token,XAUTHALF
0.5X Long Tezos Token,XTZHALF
0.5X Long Theta Network Token,THETAHALF
0.5X Long XRP Token,XRPHALF
0cash,ZCH
0xMonero,0XMR
1inch,1INCH
1irstGold,1GOLD
Bitcoin Volatility Token,BVOL
1X Short Algorand Token,ALGOHEDGE
1X Short BNB Token,BNBHEDGE
Inverse Bitcoin Volatility Token,IBVOL
1X Short Cardano Token,ADAHEDGE
1X Short Chainlink Token,LINKHEDGE
1X Short Compound Token Token,COMPHEDGE
1X Short Compound USDT Token,CUSDTHEDGE
1X Short Cosmos Token,ATOMHEDGE
1X Short DeFi Index Token,DEFIHEDGE
1X Short Dogecoin Token,DOGEHEDGE
1X Short Exchange Token Index Token,EXCHHEDGE
1X Short Matic Token,MATICHEDGE
1X Short OKB Token,OKBHEDGE
1X Short Privacy Index Token,PRIVHEDGE
1X Short Swipe Token,SXPHEDGE
1X Short Tezos Token,XTZHEDGE
1X Short Theta Network Token,THETAHEDGE
1X Short TomoChain Token,TOMOHEDGE
1X Short TRX Token,TRXHEDGE
1X Short VeChain Token,VETHEDGE
1X Short XRP Token,XRPHEDGE
2Based Finance,2BASED
2key.network,2KEY
3X Long Balancer Token,BALBULL
3X Long Compound Token Token,COMPBULL
3X Long Compound USDT Token,CUSDTBULL
3X Long DeFi Index Token,DEFIBULL
3X Long Kyber Network Token,KNCBULL
3X Long Maker Token,MKRBULL
3X Long Privacy Index Token,PRIVBULL
3X Long Stellar Token,XLMBULL
3X Long Sushi Token,SUSHIBULL
3X Long Swipe Token,SXPBULL
3X Long Tether Gold Token,XAUTBULL
3X Long Theta Network Token,THETABULL
3X Long VeChain Token,VETBULL
3X Short Balancer Token,BALBEAR
3X Short Compound Token Token,COMPBEAR
3X Short Compound USDT Token,CUSDTBEAR
3X Short DeFi Index Token,DEFIBEAR
3X Short Kyber Network Token,KNCBEAR
3X Short Maker Token,MKRBEAR
3X Short Privacy Index Token,PRIVBEAR
3X Short Stellar Token,XLMBEAR
3X Short Sushi Token,SUSHIBEAR
3X Short Swipe Token,SXPBEAR
3X Short Tether Gold Token,XAUTBEAR
3X Short Theta Network Token,THETABEAR
3X Short VeChain Token,VETBEAR
451PCBcom,PCB
4ART Coin,4ART
5G-CASH,VGC
6ix9ine Chain,69C
7Finance,SVN
7up,7UP
88mph,MPH
$AAPL,$AAPL
Aave,AAVE
Aave BAT,ABAT
Aave BUSD,ABUSD
Aave DAI,ADAI
Aave ENJ,AENJ
Aavegotchi,GHST
Aave KNC,AKNC
Aave LINK,ALINK
Aave MANA,AMANA
Aave MKR,AMKR
Aave REN,AREN
Aave SNX,ASNX
Aave SUSD,ASUSD
Aave TUSD,ATUSD
Aave USDC,AUSDC
Aave USDT,AUSDT
Aave WBTC,AWBTC
Aave ZRX,AZRX
AAX Token,AAB
Absorber,ABS
AC eXchange Token,ACXT
ACoconut,AC
ACryptoS,ACS
ACryptoSI,ACSI
Acuity Token,ACU
Adventure Token,TWA
Aegis,AGS
Aelysir,AEL
AGA Token,AGA
AhaToken,AHT
Aicon,AICO
AI Network,AIN
AISF,AGT
AITRA,AITRA
Akash Network,AKT
Akikcoin,AKC
Akoin,AKN
Akropolis Delphi,ADEL
Aladiex,ALA
Alchemy Pay,ACH
Aleph.im,ALEPH
Alex,ALEX
Algory,ALG
AllianceBlock,ALBT
Alliance X Trading,AXT
Alligator + Fractal Set,GATOR
Almace Shards,ALMX
Alpaca,ALPA
AlphaDex,DEX
Alpha Finance,ALPHA
AlphaLink,ANK
Alpha Quark Token,AQT
AlrightCoin,ALC
Aludra Network,ALD
Amaten,AMA
AmazonasCoin,AMZ
AmericanHorror.Finance,AHF
AMIX,AMIX
Amp,AMP
Anchor Neural World Token,ANW
ankrETH,AETH
AnRKey X,$ANRX
Antiample,XAMP
Antique Zombie Shards,ZOMB
Anyswap,ANY
AOS,AOS
APEcoin,APE
APHolding Coin,APH
API3,API3
Apiary Fund Coin,AFC
Apollon Limassol Fan Token,APL
Appics,APX
Apple Network,ANK
Apple Protocol Token,AAPL
APY.Finance,APY
APY.vision,VISION
Aqua,AQUA
Aragon China,ANC
Arbiswap,ASWAP
arcane bear,BEAR
Archer DAO Governance Token,ARCH
Aries Chain,ARIES
Aries Financial,AFI
Arix,AR
Armx Unidos,ARMX
Asia Reserve Currency Coin,ARCC
Asko,ASKO
ASLA,ASLA
Aspire,ASP
Assemble Protocol,ASM
ASTA,ASTA
AstroTools,ASTRO
Atari,ATRI
Atlantis Token,ATIS
Atletico Madrid Fan Token,ATM
ATROMG8,AG8
Attila,ATT
ATTN,ATTN
Audius,AUDIO
Aura Protocol,AURA
Aureus Nummus Gold,ANG
Auric Network,AUSCM
AurusCOIN,AWX
AurusGOLD,AWG
Avalanche,AVAX
Axia,AXIAV3
Axie Infinity,AXS
Axioms,AXI
Axion,AXN
Axis DeFi,AXIS
Azuki,AZUKI
Azzure,AZZR
B21,B21
Baby Token,BABY
BackPacker Coin,BPC
BaconSwap,BACON
Badger DAO,BADGER
BAEPAY,BAEPAY
Bafi Finance Token,BAFI
Baguette Token,BGTT
BakeryToken,BAKE
Balancer,BAL
Bali Coin,BALI
BALL Coin,BALL
Balloon Coin,BALO
Ballotbox,BBX
Banana Finance,BANANA
Bankroll Extended Token,BNKRX
Bankroll Vault,VLT
BarnBridge,BOND
Baroin,BRI
Barter,BRTR
BarterTrade,BART
Based Money,$BASED
Base Protocol,BASE
BASIC,BASIC
Basid Coin,BASID
Basis Cash,BAC
Basiscoin Share,BCS
Basis Dollar,BSD
Basis Dollar Share,BSDS
Basis Share,BAS
Bast,BAST
bDollar,BDO
bDollar Share,SBDO
Bearn.fi,BFI
BeautyK,BTKC
BEE Coin,BEE
Beefy.Finance,BIFI
BeeTR,BTR
Be Gaming Coin,BGC
Behodler,EYE
BELIEVER,BLVR
Bella Protocol,BEL
Benchmark Protocol,MARK
Beowulf,BWF
BergCo Coin,BERG
Bestay,BSY
Betherchip,BEC
Betller Coin,BTLLR
Betnomi,BNI
Better Money,BETTER
Bidao,BID
Bidesk,BDK
Bifrost,BFC
BigBang Core,BBC
BigdataCash,BDCASH
BillionHappiness,BHC
BIDR,BIDR
Binance VND,BVND
Bintex Futures,BNTX
Biokkoin,BKKG
Bird.Money,BIRD
Bitalgo,ALG
BitCherry,BCHC
Bitcoin Cash ABC,BCHA
Bitcoin Flash Cash,BTFC
BITCOINHEDGE,BTCHG
BitcoinPoS,BPS
BitcoinStaking,BSK
Bitcoin True,BTCT
Bitcoin Trust,BCT
Bitcoiva,BCA
Bitcratic Revenue,BCTR
Bitcurate,BTCR
BitDefi,BFI
BitFarmings,BFI
Bit Financial,BFC
Bitgear,GEAR
Bitgesell,BGL
Bitget DeFi Token,BFT
Bithachi,BITH
BitHash Token,BT
BITICA COIN,BDCC
Bitpayer Token,BPT
Bitpower,BPP
BITSCOIN,BTCX
Bitshark,BTSHK
Bit Silver,BTR
BitZyon,ZYON
BIZZCOIN,BIZZ
BlackDragon Token,BDT
BlackHoleSwap-Compound DAI/USDC,BHSC
BlackPearl Token,BPLC
Blaze DeFi,BNFI
Blaze Network,BLZN
BLink,BLINK
Bliquid,BLIQ
Blocery,BLY
BlockBase,BBT
Blockidcoin,BID
BLOCKMAX,OCB
BlockNoteX,BNOX
Bloody Token,BLOODY
Bloomzed Loyalty Club Ticket,BLCT
Blueshare Token,BST1
Blurt,BLURT
BMJ Master Nodes,BMJ
Bnoincoin,BNC
BNSD Finance,BNSD
BNS Token,BNS
BOA,BOA
Boboo Token,BOBT
Bollo Token,BOLO
Bonded Finance,BOND
Bondly,BONDLY
Bone,BONE
B ONE PAYMENT,B1P
BonezYard,BNZ
BonFi,BNF
Bonfida,FIDA
BONK Token,BONK
BooBank,BOOB
BooBanker Research Association,BBRA
Boosted Finance,BOOST
BoringDAO,BOR
BoringDAO BTC,OBTC
BountyMarketCap,BMC
Brapper Token,BRAP
r/FortNiteBR Bricks,BRICK
Bridge Finance,BFR
Bridge Oracle,BRG
Brother Music Platform,BMP
BSC Farm,BSC
BSYS,BSYS
BTC Fund Active Trading Set,BTCFUND
BTC Long-Only Alpha Portfolio,BLOAP
BTC Network Demand Set II,BYTE
BTC RSI Crossover Yield Set,BTCRSIAPY
BTour Chain,BTOUR
BTSE Token,BTSE
Bubble Network,BBL
BUILD Finance,BUILD
BuildUp,BUP
BullBearBitcoin Set II,BBB
BullBearEthereum Set II,BBE
BullionsChain,BLC
Bullswap Protocol,BVL
Bundles,BUND
Burency,BUY
Burger Swap,BURGER
Buy-Sell,BSE
BuyUCoin Token,BUC
bXIOT,BXIOT
bZx Protocol,BZRX
CACHE Gold,CGT
Camp,CAMP
Candela Coin,CLA
Cannabis Seed Token,CANA
Cap,CAP
Capital.finance,CAP
Carbon,CRBN
Cargo Gems,GEM
Carrot Finance,CRT
Cartesi,CTSI
CashBackPro,CBP
Cash Global Coin,CGC
Cashhand,CHND
Catscoin,CATS
Cat Token,CAT
CAT.trade Protocol,CATX
CryptoBharatCoin,CBC
CBDAO,BREE
CC,CC
cCOMP,CCOMP
CEDARS,CEDS
Celo Dollar,CUSD
Cenfura Token,XCF
Centaur,CNTR
Centric,CNS
CertiK,CTK
Certurium,CRT
Cexlt,CLT
Cezo,CEZ
Chad Link Set,CHADLINK
CHADS VC,CHADS
Chain Games,CHAIN
ChainLink Trading Set,CTS
Chainpay,CPAY
Chalice Finance,CHAL
ChartEx,CHART
CHBT,CHBT
Cherry,CHERRY
ChessCoin 0.32%,CHESS
Chicken,KFC
Chi Gastoken,CHI
Chonk,CHONK
CINE MEDIA CELEBRITY COIN,CMCCOIN
Cipher Core Token,CIPHC
ClinTex CTi,CTI
Clover,CLV
Club Atletico Independiente Fan Token,CAI
CMGCoin,CMG
CNG Casino,CNG
CNYQ Stablecoin by Q DAO v1.0,CNYQ
Cobak Token,CBK
Cocaine Cowboy Shards,COKE
cocktailbar.finance,COC
Cofinex,CNX
CoFiX,COFI
Coil,COIL
Coin4Trade,C4T
Coin Artist,COIN
Coinwaycoin,CAN
Combine.finance,COMB
Combo,COMB
Community Token,COM
cREP,CREP
Compound Coin,COMP
Compounder,CP3R
Compound,COMP
cUNI,CUNI
cUSDT,CUSDT
cWBTC,CWBTC
PowerPool Concentrated Voting Power,CVP
Conflux Token,CFX
Contracoin,CTCN
Contribute,TRIB
CoomCoin,COOM
Coral Swap,CORAL
Coreto,COR
CorionX,CORX
CORN,CORN
Cornichon,CORN
COST COIN+,AKM
Cover Protocol,COVER
COVIR,CVR
Cowboy.Finance,COW
CR Coin,CRC
CRDT,CRDT
Cream,CREAM
PROXI DeFi,CREDIT
Creed Finance,CREED
Cross Finance,CRP
Crowd One,CRD
Crust Network,CRU
CryBet,CBT
Cryptid,CID
Crypto Accept,ACPT
Crypto Application Token,CAPP
Crypto Bank,CBANK
CryptoBet,CBET
CryptoBRL,CBRL
Cryptobuyer Token,XPT
Cryptochrome,CHM
CryptoCricketClub,3CS
Crypto Holding Frank Token,CHFT
CryptoKek,KEK
Cryptolandy,CRYPL
NewsTokens,NEWS
Cryptonits,CRT
Crypto Price Index,CPI
CryptoRewards,CRS
Cryptorg Token,CTG
Cryptotipsfr,CRTS
Crypto User Base,CUB
CryptoWater,C2O
CSP DAO Network,NEBO
CuraDAI,CURA
Curate,XCUR
Curve DAO Token,CRV
LP-yCurve,YCURVE
CURVEHASH,CURVE
cVault.finance,CORE
CVP Token,CVP
CXN Network,CXN
Cybercoin,CBR
CyberFi,CFI
CyberTronchain,CTC
Cyclops Treasure,CYTR
CY Finance,CYF
Danat Coin,DNC
Dandy Dego,DANDY
DAOFi,DAOFI
Dappcents,DPC
Dark.Build,DARK
Dark Energy Crystals,DEC
Darma Cash,DMCH
Darwinia Commitment Token,KTON
Darwinia Crab Network,CRING
Datamine,DAM
DTOP Token,DTOP
Davecoin,DDTG
Dawn Protocol,DAWN
DEA,DEA
DEAPCOIN,DEP
Debase,DEBASE
Decentr,DEC
Decentrahub Coin,DCNTR
Decentral Games,DG
Decore,DCORE
deCraft Finance,CRAFT
Decurian,ECU
DefHold,DEFO
DeFiat,DFT
DeFiato,DFO
DeFi Bids,BID
DefiBox,BOX
DeFiChain,DFI
DefiCliq,CLIQ
DefiDollar,DUSD
DefiDollar DAO,DFD
DeFi Firefly,DFF
DeFi Gold,DFGL
DefiKing,DFK
DeFi Nation Signals DAO,DSD
DeFiner,FIN
Definitex,DFX
DeFinition Network,DZI
DeFi Omega,DFIO
DeFiPie,PIE
DeFiPulse Index,DPI
Defis,XGM
Defi Shopping Stake,DSS
Defis Network,DFS
DeFi Yield Protocol,DYP
DeflaCash,DFC
Deflect,DEFLCT
Sports Betting Marketplace,SBX
Meme,MEME
DegenVC,DGVC
Dego Finance,DEGO
Degov,DEGOV
Deipool,DIP
Dejave,DJV
DeFi of Thrones,DOTX
DeltaHub Community,DHC
DEONEX Token,DON
DePay,DEPAY
DerivaDAO,DDX
Derivex,DVX
Design,DSGN
DEUS Finance,DEUS
DEUS Synthetic Coinbase IOU,WCOINBASE-IOU
Dev Protocol,DEV
DeXe,DEXE
DexKit,KIT
DEXTF,DEXTF
Dextoken Governance,DEXG
Dextrust,DETS
dfohub,BUIDL
DGPayment,DGP
dHEDGE DAO,DHT
DIA,DIA
Diagon,DGN
DICE.FINANCE,DICE
Die,DIE
Dify.Finance,YFIII
Digex,DIGEX
DigiCol Token,DGCL
DigiDinar StableToken,DDRST
DigiMax,DGMT
Digital Currency Daily,DCD
Digital Reserve Currency,DRC
Digiwill,DGW
Dionpay,DION
Dipper,DIP
Dipper Network,DIP
DistX,DISTX
Ditto,DITTO
Divert Finance,DEVE
Dixt Finance,DIXT
dKargo,DKA
DLIKE,DLIKE
DLP Duck Token,DUCK
DMD,DMD
DMM: Governance,DMG
DMScript,DMST
Doch Coin,DCH
DODO,DODO
DogDeFiCoin,DOGDEFI
DogeFi,DOGEFI
Dogeswap,DOGES
Doki Doki Finance,DOKI
Dollars,USDX
DOOS TOKEN,DOOS
Dracula Token,DRC
Dragon Ball,DRAGON
Dragonfly Protocol,DFLY
Drakoin,DRK
dRAY,DRAY
DRC Mobility,DRC
Dream Swap,DREAM
dripper.finance,DRIP
Dtube Coin,DTUBE
Ducato Protocol Token,DUCATO
DuckDaoDime,DDIM
Durain Finance,DUN
DUST Token,DUST
Dvision Network,DVI
DXdao,DXD
dXIOT,DXIOT
DxSale Network,SALE
DXY Finance,DXY
Dymmax,DMX
Dynamic Set Dollar,DSD
1337,1337
Earnbase,ENB
Easticoin,ESTI
EasyFi,EASY
EasySwap,ESWA
Eauric,EAURIC
Eclipseum,ECL
ECOC Financial Growth,EFG
Ecochain,ECOC
EcoDollar,ECOS
Ecoin,ECOIN
ECOSC,ECU
EduMetrix Coin,EMC
eFIN,EFIN
Eight Hours,EHRT
Elrond,EGLD
Elxis,LEX
Elynet Token,ELYX
ELYSIA,EL
Emojis Farm,EMOJI
Empow,EM
Empty Set Dollar,ESD
Enceladus Network,ENCX
Energy Web Token,EWT
Entone,ENTONE
Epanus,EPS
Epic,EPIC
Equus Mining Token,EQMT
e-Radix,EXRD
ERC223,ERC223
ErcauX,RAUX
Eros,ERS
EscudoNavacense,ESN
Essek Tov,ETO
ETF Dao,TFD
ETG Finance,ETGF
ETH 20 MA Crossover Yield Set II,ETH20MACOAPY
ETH 26 EMA Crossover Yield II,ETHEMAAPY
Ethanol,ENOL
ethArt,ARTE
ETH/BTC Long-Only Alpha Portfolio,EBLOAP
EtherBone,ETHBN
EthereumSC,ETHSC
Ethereum Stake,ETHYS
Ethereum Vault,ETHV
Ethereum Yield,ETHY
Etherpay,ETHPY
ETH.limiteD,ELD
ETH/LINK Price Action Candlestick Set,LINKETHPA
ETH Long-Only Alpha Portfolio,ELOAP
ETH Momentum Trigger Set,ETHMO
ETH Moonshot X Yield Set,ETHMOONX
ETHOPT,OPT
ETHPlus,ETHP
ETH Price Action Candlestick Set,ETHPA
ETH RSI 60/40 Yield Set II,ETHRSIAPY
ETH Trending Alpha ST Set II,ETAS
Ethverse,ETHV
Evan,EVAN
EveryonesCrypto,EOC
Exchange Payment Coin,EXP
eXciting Japan Coin,XJP
Exeedme,XED
Exenox Mobile,EXNX
ExNetwork Token,EXNT
Experty Wisdom Token,WIS
extraDNA,XDNA
Ezystayz,EZY
Falcon Project,FNT
Fanáticos Cash,FCH
Fango,XFG
FANZY,FX1
Farm Defi,PFARM
Farmland Protocol,FAR
FC Barcelona Fan Token,BAR
Fear & Greed Sentiment Set II,GREED
Fee Active Collateral Token,FACT
Feellike,FLL
Felix,FLX
Fera,FERA
Fesschain,FESS
FIL12,FIL12
FIL6,FIL6
FileStar,STAR
Finance Vote,FVT
FINANCIAL INVESTMENT TOKEN,FIT
FinNexus,FNX
Finswap,FNSP
Fiola,FLA
FIO Protocol,FIO
FireAnts,ANTS
FIRE,FIRE
Fire Protocol,FIRE
Fiscus FYI,FFYI
Flama,FMA
Flamingo Finance,FLM
FlashSwap,FSP
flexUSD,FLEXUSD
Flow,FLOW
FLUX,FLUX
FlynnJamm,JAMM
FME,FME
Fompound,FOMP
Force For Fast,FFF
Foresight,FORS
Fortune1Coin,FT1
FoundryDAO Logistics,FRY
Frax,FRAX
Frax Share,FXS
Freedom Reserve,FR
Free Tool Box,FTB
Freeway Token,FWT
Freight Trust Network,EDI
French ICO Coin,FICO
Frenzy,FZY
FRMx Token,FRMX
Fromm Car,FCR
Frontier,FRONT
Falconswap,FSW
FUD.finance,FUD
Fuel Token,FUEL
Fundamenta,FMTA
Future Cash Digital,FCD
FUUPAY,FPT
Fyooz,FYZ
G999,G999
Gains Farm,GFARM
Gala,GALA
Galatasaray Fan Token,GAL
Galaxy Network,GNC
Gallery Finance,GLF
Gameswap,GSWAP
GARD Governance Token,GGT
gAsp,GASP
GasToken,GST2
Gather,GTH
Gbrick,GBX
GEEQ,GEEQ
Gem Exchange And Trading,GXT
GemSwap,GEM
Generation of Yield,YGY
Genta,GENA
GeoDB,GEO
GermanCoin,GCX
GES,GES
Geyser,GYSR
GHOST,GHOST
GHOSTPRISM,GHOST
Giftedhands,GHD
GLEX,GLEX
Global Gaming,GMNG
Global Human Trust,GHT
Global Smart Asset,GSA
GLOBALTRUSTFUND TOKEN,GTF
Glox Finance,GLOX
Glufco,GLF
GM Holding,GM
GokuMarket Credit,GMC
Gold BCR,GBCR
Goldblock,GBK
Gold Cash,GOLD
Gold Coin Reserve,GCR
Golden Ratio Token,GRT
GoldFinX,GIX
Gold Mining Members,GMM
Goldnero,GLDX
Golff,GOF
governance ZIL,GZIL
Governor DAO,GDAO
Grace Period Token,GPT
GrafenoCoin,GFNC
Grafsound,GSMT
Grain,GRAIN
Grap Finance,GRAP
Green Light,GL
GROM,GR
Groovy Finance,GVY
GROWTH DeFi,GRO
GT STAR Token,GTS
Guapcoin,GUAP
Global Utility Smart Digital Token,GUSDT
H3X,H3X
Hacken Token,HAI
Hakka Finance,HAKKA
Halving Coin,HALV
Happy Birthday Coin,HBDC
HAPY Coin,HAPY
HARD Protocol,HARD
Harrison First,FIRST
Harvest Finance,FARM
Hash Pot,HPOT
Hatch DAO,HATCH
Hathor,HTR
Hauteclere Shards,HAUT
HBTC Captain Token,HBC
HDT,HDT
Healing Plus,HP
HealthChainUS,HCUT
Heavens Gate,HATE
Hedget,HGET
Hegic,HEGIC
HEIDI,HDI
Helgro,HGRO
HELIO POWER TOKEN,THPT
Helium,HNT
HLP Token,HLP
Hermez Network,HEZ
HXY Money,HXY
HEY-BITCOIN,HYBN
Hiblocks,HIBS
HippoFinance,HIPPO
Historia,HTA
Hithotx,HITX
Hive Dollar,HBD
Hiveterminal token,HVN
Hiz Finance,HIZ
HLand Token,HLAND
HodlTree,HTRE
Holdtowin,7ADD
Holistic BTC Set,TCAPBTCUSDC
Holistic ETH Set,TCAPETHDAI
Holyheld,HOLY
Homeros,HMR
HOMIHELP,HOMI
HOM Token,HOMT
Honey,HNY
Honk Honk,HONK
Hoo Token,HOO
Hotpot Base Token,POT
HubDao,HD
Hub Token,HUB
Huobi BTC,HBTC
Hybrid Bank Cash,HBC
Hybrix,HY
Hype,HYPE
Hype.Bet,HYPEBET
HypeBurn,HBURN
Hype Finance,HYPE
HyperDAO,HDAO
Hyve,HYVE
i9 Coin,I9C
ichi.farm,ICHI
IdeaChain,ICH
DexTools,DEXT
IDLE,IDLE
IdleDAI (Risk Adjusted),IDLEDAISAFE
IdleDAI (Yield),IDLEDAIYIELD
IdleSUSD (Yield),IDLESUSDYIELD
IdleTUSD (Yield),IDLETUSDYIELD
IdleUSDC (Risk Adjusted),IDLEUSDCSAFE
IdleUSDC (Yield),IDLEUSDCYIELD
IdleUSDT (Risk Adjusted),IDLEUSDTSAFE
IdleUSDT (Yield),IDLEUSDTYIELD
IdleWBTC (Yield),IDLEWBTCYIELD
IDL Token,IDL
iEOS,IEOS
Improved Bitcoin,IBTC
IMSWallet,IMS
Index Chain,IDX
Index Cooperative,INDEX
Infinite Ricks,RICK
Injective Protocol,INJ
Innovation Blockchain Payment,IBP
INRToken,INRT
Insight Protocol,INX
Insula,ISLA
Intelligence Quickly Chain,IQC
Intelligent ETH Set II,INTETH
Intelligent Ratio Set,INTRATIO
Interest Bearing ETH,IBETH
Interfinex Bills,IFEX
Internet Exchange Token,INEX
INTEXCOIN,INTX
Invox Finance,INVOX
IOOX System,IOOX
iOWN Token,IOWN
Isiklar Coin,ISIKC
Istardust,ISDT
ITAM Games,ITAM
ITEN,ITEN
Iteration Syndicate,ITS
Ivy Mining,IVY
Ixinium,XXA
IZE,IZE
IZEROIUM,IZER
JackPool.finance,JFI
Jem,JEM
JFIN Coin,JFIN
Jiaozi,JIAOZI
JNTR/e,JNTR/E
Jointer,JNTR
JOON,JOON
JPYQ Stablecoin by Q DAO v1.0,JPYQ
JSB Foundation,JSB
Jubi Token,JT
Juggernaut,JGN
JUIICE,JUI
JULIEN,JULIEN
Junca cash,JCC
Jurasaur,JREX
JUST,JST
JustBet,WINR
JUST NETWORK,JUS
JUST Stablecoin,USDJ
Juventus Fan Token,JUV
Kala,KALA
Kanva,KNV
Karaganda Token,KRG
KardiaChain,KAI
Karma DAO,KARMA
Katalyo,KTLYO
Katana Finance,KATANA
KAWANGGAWA,KGW
King DAG,KDAG
Keep3r BSC Network,KP3RB
Keep3rV1,KP3R
Keep4r,KP4R
Keep Calm and Hodl,KCH
Keep Network,KEEP
Kepler Network,KMW
KERMAN,KERMAN
Kevacoin,KVA
Keysians Network,KEN
Kids Cash,KASH
KiloAmple,KMPL
KIMCHI.finance,KIMCHI
Kingdom Game 4.0,KDG
King Money,KIM
King Of Defi,KODX
KIRA Network,KEX
Kirobo,KIRO
KittenFinance,KIF
KIWI Token,KIWI
Klever,KLV
Kmushicoin,KTV
KnoxFS,KFX
Koel Coin,KOEL
Koinos,KOIN
Komet,KOMET
Kompass,KOMP
Kper Network,KPER
Kryptokrona,XKR
Kublaicoin,KUB
Kulupu,KLP
Kush Finance,KSEED
KVI,KVI
KYC.Crypto,MIMA
LADZ,LADZ
Largo Coin,LRG
Latamcash,LMCH
Lattice Token,LTX
LBRL,LBRL
LCG,LCG
Lead Token,LEAD
Lemon Bet,LBET
LEVELG,LEVELG
Leverj Gluon,L2
LGCY Network,LGCY
Libartysharetoken,LST
Libera,LIB
LIBERTAS,LIBERTAS
Libfx,LIBFX
LibreFreelencer,LIBREF
Lien,LIEN
Limestone Network,LIMEX
LimitSwap,LIMIT
Linear,LINA
LinkBased,LBD
LINK/ETH Growth Alpha Set,LEGA
LINK/ETH Long-Only Alpha Portfolio,LELOAP
LINK/ETH RSI Ratio Trading Set,LINKETHRSI
LINK Profit Taker Set,LINKPT
LINKUSD,LINKUSD
Liquid DeFi,LIQ
Liquidity Dividends Protocol,LID
Liquid Lottery RTC,LIQLO
Litecoin BEP2,LTCB
Litecoin SV,LSV
LOAD Network,LOAD
LoanBurst,LBURST
LOA Protocol,LOA
LOCK Token,LOCK
LONG COIN,LONG
Loon Network,LOON
Lottonation,LNT
LoveChain,LOV
LOVE Coin,LOVE
LP 3pool Curve,3CRV
LP renBTC Curve,RENBTCCURVE
LP-sCurve,SCURVE
Lua Token,LUA
LUCKY,LUCKY
Ludena Protocol,LDN
LUKSO Token,LYXE
Lumos,LMS
Lung Protocol,L2P
Lynchpin Token,LYN
LYNC Network,LYNC
Lyra,LYR
MACH Project,MACH
Machi X,MCX
MahaDAO,MAHA
Makes,MKS
Mandi Token,MANDI
MangoChain,MGP
Mangu,MNGUZ
MANTRA DAO,OM
MANY,MANY
Markaccy,MKCY
Marlin,POND
Mars Network,MARS
Martkist,MARTK
MASS,MASS
MATH,MATH
Mavro,MVR
MCDex,MCB
MCI Coin,MCI
MDUKEY,MDU
MedicalVeda,MVEDA
MediConnect,MEDI
Medooza Ecosystem,MDZA
MegaCryptoPolis,MEGA
Mega Lottery Services Global,MLR
Meld Gold,MCAU
MelonHeadSProtocol,MHSP
Meme Cash,MCH
Meridian Network,LOCK
MESEFA,SEFA
Meta,MTA
MetaGame,SEED
Metaprediction,METP
Meter Governance,MTRG
Meter Governance mapped by Meter.io,EMTRG
Meter Stable,MTR
Metis,MTS
MetricExchange,METRIC
Mettalex,MTLX
MIKS COIN,MIKS
MileVerse,MVC
MILK2,MILK2
Millimeter,MM
Minds,MINDS
Mineral,MNR
Mini,MINI
MiraQle,MQL
Mirror Protocol,MIR
Mirror World Token,MW
Misbloc,MSB
Mithril Share,MIS
MixTrust,MXT
MM Token,MM
MNMCoin,MNMC
MobieCoin,MBX
MobileCoin,MOB
Mobilian Coin,MBN
Modern Investment Coin,MODIC
MOJI Experience Points,MEXP
Molten,MOL
Momentum,XMM
Monavale,MONA
MONEY PARTY,PARTY
Money Plant Token,MPT
Money Printer Go Brrr Set,BRRR
MONGO Coin,MONGOCM
Monkey King Token,MKT
Monnos,MNS
r/CryptoCurrency Moons,MOON
Moonbase,MBBASED
Moon Coin,MOON
Moonday Finance,MOONDAY
Moon Juice,JUICE
MoonSwap,MOON
MoonTools,MOONS
Moon YFI,MYFI
Morality,MO
MORK,MORK
Morley Cash,MCN
Morpher,MPH
Most Protocol,MOST
MOTIV Protocol,MOV
MouseMN,MOUSE
MozoX,MOZOX
MRV,MRV
MTI Finance,MTI
Mt Pelerin Shares,MPS
MTTCoin,MTTCOIN
Multiplier,MXX
mStable USD,MUSD
Muse,MUSE
MVP,MVP
MyTVchain,MYTV
Myubi,MYU
MYX Network,MYX
N3RD Finance,N3RDZ
NanTrade,NAN
NAR Token,NAR
NDN Link,NDN
Near,NEAR
Neeva Defi,NVA
NerveNetwork,NVT
Nest Protocol,NEST
NestEgg Coin,EGG
Neutrino System Base Token,NSBT
New BitShares,NBS
Newtonium,NEWTON
New Year Bull,NYB
Nexalt,XLT
NFTLootBox,LOOT
NFT Protocol,NFT
Nice,NICE
NIX Bridge Token,NBT
Nobrainer Finance,BRAIN
Node Runners,NDR
Nokencoin,NOKN
NoleWater,AMSK
Non-Fungible Yearn,NFY
noob.finance,$NOOB
NOODLE.Finance,NOODLE
NO Trump Augur Prediction Token,NTRUMP
NovaDeFi,NMT
Novem Gold Token,NNN
Novo,NOVO
NPO Coin,NPO
Nsure Network,NSURE
nYFI,N0031
Nuco.Cloud,NCDT
NuCypher,NU
Nuvo Cash,NUVO
Nexus Mutual,NXM
Nyantereum,NYANTE
Nyan V2,NYAN-2
Oasis Network,ROSE
Obee Network,OBEE
OBIC,OBIC
OBR,OBR
OC Protocol,OCP
OctoFi,OCTO
Odinycoin,ODC
Offshift,XFT
Oikos,OKS
OILage,OIL
OIN Finance,OIN
OLCF,OLCF
OLO,OLO
OMC Group,OMC
Omega Protocol Money,OPM
ONBUFF,ONIT
One Cash,ONC
One Hundred Coin,ONE
OneSwap DAO Token,ONES
Onigiri,ONIGIRI
OnX Finance,ONX
Opalcoin,AUOP
OpenAlexa Protocol,OAP
OPEN Governance Token,OPEN
OpenPredict Token,OPT
Oracle System,ORC
Oracolxor,XOR
Oraichain Token,ORAI
Orbicular,ORBI
Orb V2,ORB
Organix,OGX
Orient,OFT
Origin Dollar,OUSD
Orion Protocol,ORN
Ormeus Cash,OMC
ORO,ORO
ORYX,ORYX
OSINA,OSINA
Ovr,OVR
OWL,OWL
OWL Token,OWL
OWN Token,OWN
P2P,P2P
P2PGO,P2PG
Pajama.Finance,PJM
Palace,PAA
Pamp Network,PAMP
Pancake Bunny,BUNNY
PancakeSwap,CAKE
Paparazzi,PAZZI
Paris Saint-Germain Fan Token,PSG
PARSIQ,PRQ
Parsiq Boost,PRQBOOST
Passport Finance,PASS
Pawtocol,UPI
PayAccept,PAYT
Payou Finance,PAYOU
PayperEx,PAX
Paypolitan Token,EPAN
Payship,PSHP
PBS Chain,PBS
Pearl Finance,PEARL
PeerEx Network,PERX
Peet DeFi,PTE
PengolinCoin,PGO
Pepedex,PPDEX
Pepemon Pepeballs,PPBLZ
Percent,PCT
Permission Coin,ASK
Perpetual Protocol,PERP
PETROLEUM,OIL
Phala Network,PHA
Phantasma Energy,KCAL
PhoenixDAO,PHNX
PICK,PICK
Pickle Finance,PICKLE
PieDAO BTC++,BTC++
PieDAO DEFI++,DEFI++
PieDAO DEFI Large Cap,DEFI+L
PieDAO DEFI Small Cap,DEFI+S
PieDAO DOUGH v2,DOUGH
Pikto Group,PKP
Pilnette,PVG
Pivx Lite,PIVXL
PLAAS FARMERS TOKEN,PLAAS
Plasma Finance,PPAY
PLEX,PLEX
PlotX,PLOT
Pluto,PLUT
Add.xyz,PLT
pNetwork,PNT
Pofid Dao,PFID
PXP Token,PXP
Polkadot,DOT
Polkastarter,POLS
Pollux Coin,POX
Polyient Games Governance Token,PGT
PolypuX,PUX
PoolStake,PSK
Popcorn Token,CORN
Porkchop,CHOP
PowerBalt,PWRB
Power Index Pool Token,PIPT
PowerTrade Fuel,PTF
Predictz,PRDZ
Predix Network,PRDX
PRIA,PRIA
Prime DAI,PDAI
PrimeDAO,PRIME
Printer.Finance,PRINT
Proof Of Liquidity,POL
Prophet,PROPHET
Props Token,PROPS
Proton,XPR
PSRS,PSRS
Pteria,PTERIA
pTokens BTC,PBTC
pTokens LTC,PLTC
PUML Better Health,PUML
Pump Coin,PUMP
Puriever,PURE
pxUSD Synthetic USD Expiring 1 April 2021,PXUSD-MAR2021
Pylon Finance,PYLON
Pyrk,PYRK
QANplatform,QARK
QChi Chain,QHC
Qcore.Finance,QCORE
Q DeFi Rating & Governance Token v2.0,QDEFI
QIAN Governance Token,KUN
QOOBER,QOOB
QUISH COIN,QTV
QuiverX,QRX
QUSD Stablecoin,QUSD
R34P,R34P
RAC,RAC
Raicoin,RAI
RAIN Network,RAIN
Rake Finance,RAK
RAKSUR,RAS
Rally,RLY
RAMP,RAMP
Rank Token,RANK
Rare,RARE
Rare Pepe,RPEPE
Rarible,RARI
Rari Governance Token,RGT
Ravencoin Classic,RVC
rbase.finance,RBASE
Read This Contract,RTC
Realio Network,RIO
Real Land,RLD
ReapChain,REAP
Rebased,REB2
RedBUX,REDBUX
RedFOX Labs,RFOX
Reef Finance,REEF
reflect.finance,RFI
Reflector.Finance,RFCTR
Reflex,RFX
ReFork,EFK
Refract,RFR
RELAX Protocol,RLX
Relayer Network (OLD),RLR
Relevant,REL
renBCH,RENBCH
renBTC,RENBTC
Render Token,RNDR
Renewable Electronic Energy Coin,REEC
renFIL,RENFIL
renZEC,RENZEC
Reserve,RSV
REVV,REVV
Rewardiqa,REW
Rich Lab Token,RLE
Richway.Finance,RICH
RING X PLATFORM,RINGX
RioDeFi,RFUEL
Ripple Alpha,XLA
RI Token,RI
Rivex,RVX
Rizen Coin,RZN
RMPL,RMPL
Robonomics Web Services,RWS
Robot,ROBOT
Rocket Token,RCKT
Rocki,ROCKS
KeeperDAO,ROOK
ROONEX,RNX
Rootkit,ROOT
Rope,$ROPE
ROR Universe,ROR
Rotten,ROT
Rowan Coin,RWN
Rubic,RBC
Rug,RUG
pulltherug.finance,RUGZ
Ruletka,RTK
Rush,RUC
sADA,SADA
Safari,SFR
SAFE2,SAFE2
SAFE DEAL,SFD
saffron.finance,SFI
SAINT FAME: Genesis Shirt,FAME
SakeToken,SAKE
Salmon,SLM
Samurai,SAM
San Diego Coin,SAND
Sashimi,SASHIMI
SatoPay,STOP
Satopay Yield Token,SPY
Satoshivision Coin,SVC
SaTT,SATT
SAV3,SAV3
SBET,SBET
sCEX,SCEX
Schain Wallet,SCHA
Score Milk,MILK
sDASH,SDASH
sDEFI,SDEFI
Seal Finance,SEAL
SeChain,SNN
Seed2Need,FARM
Seed Venture,SEED
SEEN,SEEN
Seigniorage Shares,SHARE
Selenium,SLC
Semitoken,SEMI
SENSO,SENSO
sEOS,SEOS
SERGS Governance,SSL
SERGS,SERGS
Serum,SRM
sETC,SETC
Set of Sets Trailblazer Fund,MQSS
S.Finance,SFG
ShareAt,XAT
Sharkcoin,SKN
SHENG,SHENG
Shiba Inu,SHIB
Shill,POSH
Shrimp Finance,SHRIMP
Shroom.Finance,SHROOM
ShroudX,SHROUD
SICash,SIC
SIMBA Storage Token,SST
Simple Masternode Coin,SMNC
Simple Software Solutions,SSS
Simracer Coin,SRC
Simulacrum,SCM
Sinergia,SNG
SKALE,SKL
Skillchain,SKI
SKINCHAIN,SKC
Skull Candy Shards,CANDY
SmartCredit Token,SMARTCREDIT
SmartKey,SKEY
Smartway.Finance,SMART
SmartX,SAT
smol,SMOL
SMPL Foundation,SMPL
snglsDAO Governance Token,SGT
Snowswap,SNOW
Social Finance,SOFI
SocialGood,SG
Social Rocket,ROCKS
SocketFinance,SFI
Soda Token,SODA
Soft Bitcoin,SBTC
Soft Link,SLINK
Soft Yearn,SYFI
Solana,SOL
Solarite,SOLARITE
SOMIDAX,SMDX
Sora,XOR
Sora Validator Token,VAL
ChainZ Arena,SOUL
Berry,BERRY
SPACE-iZ,SPIZ
Spaghetti,PASTA
Spartan,300
Spartan Protocol Token,SPARTA
Speed Coin,SPEED
Sperax,SPA
Spheroid Universe,SPH
SPICE,SPICE
SpiderDAO,SPDR
SpokLottery,SPKL
Sprint Coin,SPRX
Squirrel Finance,NUTS
SSS Finance,SSS
Stabilize,STBZ
STABLE ASSET,STA
StableXSwap,STAX
Stacy,STACY
Stafi,FIS
Staked Ether,STETH
stakedXEM,STXEM
StakedFIRO,STFIRO
STAMP,STAMP
Starbugs Shards,BUGS
StarDEX,XSTAR
Stargaze Protocol,STGZ
Stark Chain,STARK
Starname,IOV
Statera,STA
Steaks Finance,STEAK
StellarPayGlobal,XLPG
Stobox Token,STBU
Ston,STON
STONK,STONK
STONKS,STONK
Strain,STRN
Streamix,MIXS
Stream Protocol,STPL
Street Cred,CRED
Strong,STRONG
STVKE,STV
SUKU,SUKU
Sumcoin,SUM
Sun Token,SUN
SUP8EME,SUP8EME
Super Saiya-jin,SSJ
SuperTx Governance Token,SUP
SurfExUtilityToken,SURF
Surf.Finance,SURF
Sushi,SUSHI
SWAG Finance,SWAG
Swagg Network,SWAGG
SwapAll,SAP
Swapfolio,SWFL
SwapShip,SWSH
Swerve,SWRV
Swingby,SWINGBY
Swirge,SWG
swiss.finance,SWISS
Swerve.fi USD,SWUSD
sXAG,SXAG
sXAU,SXAU
sXMR,SXMR
SYBC Coin,SYBC
Sylo,SYLO
Sync Network,SYNC
SynLev,SYN
Tacos,TACO
Tadpole,TAD
tBridge Token,TAI
Talent Token,TTX
TAMA EGG NiftyGotchi,TME
Tamy Token,TMT
Tartarus,TAR
Tatcoin,TAT
Taurus Chain,TRT
Taxi,TAXI
tBTC,TBTC
Tcbcoin,TCFX
TEAL,TEAT
Team Finance,TEAM
Team Heretics Fan Token,TH
TecraCoin,TCR
Telokanda,KANDA
Tendies,TEND
TerraUSD,UST
Terra Virtua Kolect,TVK
Tessla Coin,TSLA
TEWKEN,TEWKEN
TheBigCoin,BIG
THECASH,TCH
TheFutbolCoin,TFC
The Graph,GRT
The Hash Speed,THS
Themis,MIS
SAND,SAND
The Transfer Token,TTT
Thinkium,TKM
Thirm Protocol,THIRM
Thisoption,TONS
TilWiki,TLW
Timecoin Protocol,TMCN
TimeLockCoin,TYM
TimeMiner,TIME
Timers,IPM
TitanSwap,TITAN
Tixl,TXL
TKN Token,TKNT
TMC,TMC
TNC Coin,TNC
Toast.finance,HOUSE
Tokamak Network,TON
Token CashPay,TCP
Tokenlon,LON
Tokens of Babel,TOB
TOM Finance,TOM
TomoChain ERC-20,TOMOE
TON Crystal,TON
Tonestra,TNR
TONToken,TON
Torex,TOR
Tornado Cash,TORN
Tornado Core,TCORE
Toshify.finance,YFT
To The Moon,TTM
Touch Social,TST
Trabzonspor Fan Token,TRA
Trade Butler Bot,TBB
Trade.win,TWI
Treecle,TRCL
Treep Token,TREEP
Trendering,TRND
Trexcoin,TREX
Tribute,TRBT
Trich,TRC
TriipMiles,TIIM
Trinity Protocol,TRI
TriumphX,TRIX
TRON ATM,TATM
TRONbetDice,DICE
TRONbetLive,LIVE
TRONFamily,FAT
TronGameCenterDiamonds,TGCD
TronNodes,TRN
TronSecureHybrid,TSCHYBRID
TronVegasCoin,VCOIN
TronX coin,TRONX
TrueFi,TRU
TrueGBP,TGBP
Trustlines Network,TLN
TrusMarketHub Token,TMH
Trustswap,SWAP
Trust Wallet Token,TWT
Tulip Seed,STLP
Two Prime FF1 Token,FF1
Ubiner,UBIN
UBIX Network,UBX
UCA Coin,UCA
UCROWDME,UCM
UCX FOUNDATION,UCX
Ulgen Hash Power,UHP
Ultra Clear,UCR
UMA,UMA
UNCL,UNCL
UnFederalReserve,ERSDL
Unibomb,UBOMB
UniDexBot,UNDB
Unicap.Finance,UCAP
UniCrapToken.xyz,UNICRAP
UniCrypt (Old),UNC
UniCrypt,UNCX
UniDex,UNIDX
UniDollar,UNIUSD
Unifi,UNIFI
UNIFI DeFi,UNIFI
UniFi Protocol,UP
Unifi Protocol DAO,UNFI
Unifund,IFUND
UniGraph,GRAPH
UNII Finance,UNII
UniLayer,LAYER
Unilock.Network,UNL
Union Fair Coin,UFC
UNION Protocol Governance Token,UNN
UniPower,POWER
Unipump,UPP
Unique One,RARE
Uniris,UCO
Unistake,UNISTAKE
Uniswap,UNI
unified Stable Dollar,USD
United Token,UTED
UniTopia Token,UTO
Unit Protocol,COL
Unit Protocol New,DUCK
Unitrade,TRADE
UnityDAO,UTY
Universal Euro,UPEUR
Universal Liquidity Union,ULU
Universal US Dollar,UPUSD
UniWhales,UWL
Unknown Fair Object,UFO
UniLend Finance,UFT
Unlimited FiscusFYI,UFFYI
UnoSwap,UNOS
UpBots,UBXT
Upper Dollar,USDU
Upper Euro,EURU
Upper Pound,GBPU
USDL,USDL
USDP Stablecoin,USDP
USDX,USDX
USGold,USG
Crypton,CRP
Utopia Genesis Foundation,UOP
UTU Coin,UTU
Valireum,VLM
VALOBIT,VBIT
Value Liquidity,VALUE
Vampire Protocol,VAMP
Va Na Su,VNS
Vanilla Network,VNLA
Vanywhere,VANY
Vaultz,VAULTZ
bZx Vesting Token,VBZRX
Vectorium,VECT
Velo,VELO
VELO Token,VLO
Venus,XVS
Vera Cruz Coin,VCCO
VeraOne,VRO
VersoView,VVT
Vesta,VESTA
Vether,VETH
VGTGToken,VGTG
Vid,VI
Vidya,VIDYA
VINX COIN,VXC
VINX COIN STO,VINX
VirgoX Token,VXT
Vision,VSN
VN Token,VN
Volts.Finance,VOLTS
Vox.Finance,VOX
Vybe,VYBE
WadzPay Token,WTK
Waifu Token,WAIF
Walnut.finance,WTF
WaterDrop,WDP
WAV3,WAV3
WAXE,WAXE
WaykiChain Governance Coin,WGRT
Wrapped BNB,WBNB
Web Coin Pay,WEC
WeBlock,WON
WeChain Coin,WXTC
Wemix Token,WEMIX
WenBurn,WENB
WHALE,WHALE
Whiteheart,WHITE
WhiteRockCasino,WRC
WiBX,WBX
Wifi Coin,WIFI
WillowCoin,WLLO
Wing Finance,WING
Wing Shop,WING
Wizard,WIZ
Wootrade Network,WOO
WORLDPET,WPT
Efforce,WOZX
Wrapped ANATHA,WANATHA
Wrapped BIND,WBIND
Wrapped Conceal,WCCX
Wrapped CrescoFin,WCRES
Wrapped-DGLD,WDGLD
Wrapped Filecoin,WFIL
Wrapped Gen-0 CryptoKitties,WG0
Wrapped LEO,WLEO
Wrapped NXM,WNXM
Wrapped Origin Axie,WOA
Wrapped Polis,POLIS
Wrapped Virgin Gen-0 CryptoKittties,WVG0
Wrapped Zcash,WZEC
xAAVEa,XAAVEA
xAAVEb,XAAVEB
Xank,XANK
xBTC,XBTC
XCredit,XFYI
xDAI Stake,STAKE
Xeniumx,XEMX
Xenon,XEN
XFII,XFII
Xfinance,XFI
XFUEL,XFUEL
Xiotri,XIOT
XPToken.io,XPT
XSGD,XSGD
XSwap,XSP
Xtake,XTK
XTRM,XTRM
XVIX,XVIX
YadaCoin,YDA
Yakuza DFO,YKZ
YAM,YAM
YAM v2,YAMV2
YAS,YAS
yAxis,YAX
YD-BTC-MAR21,YD-BTC-MAR21
YD-ETH-MAR21,YD-ETH-MAR21
YeaFinance,YEA
Yearn20Moon.Finance,YMF20
Yearn4 Finance,YF4
Yearn Classic Finance,EARN
Yearn Ecosystem Token Index,YETI
Yearn Ethereum Finance,YEFI
yearn.finance,YFI
Yearn Finance Bit,YFBT
Yearn Finance Bit2,YFB2
Yearn Finance Center,YFC
Yearn Finance Diamond Token,YFDT
Yearn Finance DOT,YFDOT
Yearn Finance Ecosystem,YFIEC
Yearn-finance Infrastructure Labs,YLAB
Yearn Finance Management,YEFIM
Yearn Finance Network,YFN
Yearn Finance Passive Income,YFPI
Yearn Finance Protocol,YFP
Yearn Finance Red Moon,YFRM
Yearn Finance Value,YFIV
Yearn Global,YG
Yearn Hold Finance,YHFI
Yearn Land,YLAND
Yearn Secure,YSEC
Yefam.Finance,FAM
Yeld Finance,YELD
YEP Coin,YEP
YFarmLand Token,YFARMER
YFARM Token,YFARM
yfBeta,YFBETA
YfDAI.finance,YF-DAI
YfDFI Finance,YFD
YFED.Finance,YFED
YFE Money,YFE
YFET,YFET
yffc.finance,YFFC
YFF.Finance,YFF
yffi finance,YFFI
YFFII Finance,YFFII
YFFS Finance,YFFS
YFI3.money,YFI3
YFIA,YFIA
YFIBALANCER.FINANCE,YFIB
YFI Business,YFIB
YFI Credits Group,YFICG
YFIDapp,YFID
YFIEXCHANGE.FINANCE,YFIE
DFI.money,YFII
YFII Gold,YFIIG
YFIII,YFIII
YFIKing Finance,YFIKING
YFILEND.FINANCE,YFILD
Yfi.mobi,YFIM
YFI Paprika,YFIP
YFISCURITY,YFIS
YFIVE FINANCE,YFIVE
YFIX.finance,YFIX
YF Link,YFL
YFMoonBeam,YFMB
YFMoonshot,YFMS
YFOS.finance,YFOS
YFOX Finance,YFOX
YFPRO Finance,YFPRO
yfrb.Finance,YFRB
Yfscience,YFSI
YFUEL,YFUEL
Yield Stake Finance,YI12
Yield,YLD
YIELD App,YLD
Yield Farming Known as Ash,YFKA
Yield Farming Token,YFT
YieldWars,WAR
YieldX,YIELDX
YMAX,YMAX
Ymen.Finance,YMEN
YMPL,YMPL
Yoink,YNK
YOKcoin,YOK
Yoo Ecology,YOO
YOUcash,YOUC
YouForia,YFR
yplutus,YPLT
yRise Finance,YRISE
Ystar,YSR
YTHO Online,YTHO
yTSLA Finance,YTSLA
YUI Finance,YUI
YUNo Finance,YUNO
Yup,YUP
uUSDwETH Synthetic Token Expiring 31 December 2020,UUSDWETH-DEC
YUSRA,YUSRA
yUSD,YVAULT-LP-YCURVE
YVS Finance,YVS
YYFI.Protocol,YYFI
Zbank Token,ZBK
ZCNOX Coin,ZCNOX
ZCore Token,ZCRT
Zeedex,ZDEX
ZelaaPayAE,ZPAE
Zelwin,ZLW
Zenfuse,ZEFU
ZenSports,SPORTS
Zero Carbon Project,ZCC
ZeroSwap,ZEE
Zero Utility Token,ZUT
zHEGIC,ZHEGIC
ZIMBOCASH,ZASH
Zin,ZIN
zLOT,ZLOT
Zodiac,ZDC
ZOM,ZOM
Zoom Protocol,ZOM
Zoracles,ZORA
Zotova,ZOA
Ztranzit Coin,ZTNZ
Zuplo,ZLP
Zyro,ZYRO
ZYX,ZYX
zzz.finance,ZZZ
